{"cameraMode":{"drawMode":0,"name":"Shaded","section":"Shading Mode"},"sceneLighting":true,"audioPlay":false,"sceneViewState":{"m_AlwaysRefresh":false,"showFog":true,"showSkybox":true,"showFlares":true,"showImageEffects":true,"showParticleSystems":true,"showVisualEffectGraphs":true,"m_FxEnabled":true},"in2DMode":false,"pivot":{"x":-0.013163816183805466,"y":0.42552146315574648,"z":-0.5042804479598999},"rotation":{"x":-0.11341499537229538,"y":0.7924848794937134,"z":-0.16229405999183656,"w":-0.5770429968833923},"size":1.7448326349258423,"orthographic":false}