{"cameraMode":{"drawMode":0,"name":"Shaded","section":"Shading Mode"},"sceneLighting":true,"audioPlay":false,"sceneViewState":{"m_AlwaysRefresh":false,"showFog":true,"showSkybox":true,"showFlares":true,"showImageEffects":true,"showParticleSystems":true,"showVisualEffectGraphs":true,"m_FxEnabled":true},"in2DMode":false,"pivot":{"x":1.3802175521850587,"y":1.096095323562622,"z":0.8544209003448486},"rotation":{"x":0.17297017574310304,"y":-0.6716741323471069,"z":0.1657218486070633,"w":0.7010521292686462},"size":2.7592482566833498,"orthographic":false}